name,state,weather
Phoenix,AZ,"[{'day': '5/30', 'low_temp': 74, 'high_temp': 104}, {'day': '5/31', 'low_temp': 75, 'high_temp': 105}, {'day': '6/1', 'low_temp': 74, 'high_temp': 106}, {'day': '6/2', 'low_temp': 75, 'high_temp': 103}, {'day': '6/3', 'low_temp': 74, 'high_temp': 105}, {'day': '6/4', 'low_temp': 78, 'high_temp': 104}, {'day': '6/5', 'low_temp': 82, 'high_temp': 107}, {'day': '6/6', 'low_temp': 82, 'high_temp': 106}, {'day': '6/7', 'low_temp': 83, 'high_temp': 108}, {'day': '6/8', 'low_temp': 81, 'high_temp': 106}]"
Caldera,Aguascalientes,"[{'day': '5/30', 'low_temp': 60, 'high_temp': 94}, {'day': '5/31', 'low_temp': 62, 'high_temp': 93}, {'day': '6/1', 'low_temp': 62, 'high_temp': 94}, {'day': '6/2', 'low_temp': 60, 'high_temp': 91}, {'day': '6/3', 'low_temp': 61, 'high_temp': 89}, {'day': '6/4', 'low_temp': 61, 'high_temp': 91}, {'day': '6/5', 'low_temp': 63, 'high_temp': 94}, {'day': '6/6', 'low_temp': 61, 'high_temp': 90}, {'day': '6/7', 'low_temp': 60, 'high_temp': 88}, {'day': '6/8', 'low_temp': 59, 'high_temp': 86}]"
Caldera,Aguascalientes,"[{'day': '5/30', 'low_temp': 60, 'high_temp': 94}, {'day': '5/31', 'low_temp': 62, 'high_temp': 93}, {'day': '6/1', 'low_temp': 62, 'high_temp': 94}, {'day': '6/2', 'low_temp': 60, 'high_temp': 91}, {'day': '6/3', 'low_temp': 61, 'high_temp': 89}, {'day': '6/4', 'low_temp': 61, 'high_temp': 91}, {'day': '6/5', 'low_temp': 63, 'high_temp': 94}, {'day': '6/6', 'low_temp': 61, 'high_temp': 90}, {'day': '6/7', 'low_temp': 60, 'high_temp': 88}, {'day': '6/8', 'low_temp': 59, 'high_temp': 86}]"
Cabecita 3 Marías,Aguascalientes,"[{'day': '5/30', 'low_temp': 63, 'high_temp': 91}, {'day': '5/31', 'low_temp': 64, 'high_temp': 94}, {'day': '6/1', 'low_temp': 63, 'high_temp': 93}, {'day': '6/2', 'low_temp': 62, 'high_temp': 92}, {'day': '6/3', 'low_temp': 61, 'high_temp': 92}, {'day': '6/4', 'low_temp': 61, 'high_temp': 92}, {'day': '6/5', 'low_temp': 62, 'high_temp': 93}, {'day': '6/6', 'low_temp': 62, 'high_temp': 90}, {'day': '6/7', 'low_temp': 62, 'high_temp': 88}, {'day': '6/8', 'low_temp': 61, 'high_temp': 87}]"
Buenavista de Peñuelas,Aguascalientes,"[{'day': '5/30', 'low_temp': 63, 'high_temp': 91}, {'day': '5/31', 'low_temp': 64, 'high_temp': 94}, {'day': '6/1', 'low_temp': 63, 'high_temp': 93}, {'day': '6/2', 'low_temp': 62, 'high_temp': 92}, {'day': '6/3', 'low_temp': 61, 'high_temp': 92}, {'day': '6/4', 'low_temp': 61, 'high_temp': 92}, {'day': '6/5', 'low_temp': 62, 'high_temp': 93}, {'day': '6/6', 'low_temp': 62, 'high_temp': 90}, {'day': '6/7', 'low_temp': 62, 'high_temp': 88}, {'day': '6/8', 'low_temp': 61, 'high_temp': 87}]"
Buenavista,Aguascalientes,"[{'day': '5/30', 'low_temp': 63, 'high_temp': 94}, {'day': '5/31', 'low_temp': 65, 'high_temp': 94}, {'day': '6/1', 'low_temp': 64, 'high_temp': 94}, {'day': '6/2', 'low_temp': 62, 'high_temp': 93}, {'day': '6/3', 'low_temp': 62, 'high_temp': 91}, {'day': '6/4', 'low_temp': 63, 'high_temp': 92}, {'day': '6/5', 'low_temp': 62, 'high_temp': 94}, {'day': '6/6', 'low_temp': 61, 'high_temp': 91}, {'day': '6/7', 'low_temp': 60, 'high_temp': 89}, {'day': '6/8', 'low_temp': 59, 'high_temp': 87}]"
Brownsville,Aguascalientes,"[{'day': '5/30', 'low_temp': 63, 'high_temp': 94}, {'day': '5/31', 'low_temp': 65, 'high_temp': 94}, {'day': '6/1', 'low_temp': 64, 'high_temp': 94}, {'day': '6/2', 'low_temp': 62, 'high_temp': 93}, {'day': '6/3', 'low_temp': 62, 'high_temp': 91}, {'day': '6/4', 'low_temp': 63, 'high_temp': 92}, {'day': '6/5', 'low_temp': 62, 'high_temp': 94}, {'day': '6/6', 'low_temp': 61, 'high_temp': 91}, {'day': '6/7', 'low_temp': 60, 'high_temp': 89}, {'day': '6/8', 'low_temp': 59, 'high_temp': 87}]"
Borrotes,Aguascalientes,"[{'day': '5/30', 'low_temp': 60, 'high_temp': 94}, {'day': '5/31', 'low_temp': 62, 'high_temp': 93}, {'day': '6/1', 'low_temp': 62, 'high_temp': 94}, {'day': '6/2', 'low_temp': 60, 'high_temp': 91}, {'day': '6/3', 'low_temp': 61, 'high_temp': 89}, {'day': '6/4', 'low_temp': 61, 'high_temp': 91}, {'day': '6/5', 'low_temp': 63, 'high_temp': 94}, {'day': '6/6', 'low_temp': 61, 'high_temp': 90}, {'day': '6/7', 'low_temp': 60, 'high_temp': 88}, {'day': '6/8', 'low_temp': 59, 'high_temp': 86}]"
Boca del Túnel de Potrerillo,Aguascalientes,"[{'day': '5/30', 'low_temp': 60, 'high_temp': 94}, {'day': '5/31', 'low_temp': 62, 'high_temp': 93}, {'day': '6/1', 'low_temp': 62, 'high_temp': 94}, {'day': '6/2', 'low_temp': 60, 'high_temp': 91}, {'day': '6/3', 'low_temp': 61, 'high_temp': 89}, {'day': '6/4', 'low_temp': 61, 'high_temp': 91}, {'day': '6/5', 'low_temp': 63, 'high_temp': 94}, {'day': '6/6', 'low_temp': 61, 'high_temp': 90}, {'day': '6/7', 'low_temp': 60, 'high_temp': 88}, {'day': '6/8', 'low_temp': 59, 'high_temp': 86}]"
Bimbaletes Atlas,Aguascalientes,"[{'day': '5/30', 'low_temp': 61, 'high_temp': 91}, {'day': '5/31', 'low_temp': 63, 'high_temp': 91}, {'day': '6/1', 'low_temp': 61, 'high_temp': 91}, {'day': '6/2', 'low_temp': 59, 'high_temp': 90}, {'day': '6/3', 'low_temp': 58, 'high_temp': 89}, {'day': '6/4', 'low_temp': 60, 'high_temp': 89}, {'day': '6/5', 'low_temp': 59, 'high_temp': 91}, {'day': '6/6', 'low_temp': 58, 'high_temp': 87}, {'day': '6/7', 'low_temp': 58, 'high_temp': 85}, {'day': '6/8', 'low_temp': 57, 'high_temp': 83}]"
Bimbaletes Aguascalientes,Aguascalientes,"[{'day': '5/30', 'low_temp': 61, 'high_temp': 91}, {'day': '5/31', 'low_temp': 63, 'high_temp': 91}, {'day': '6/1', 'low_temp': 61, 'high_temp': 91}, {'day': '6/2', 'low_temp': 59, 'high_temp': 90}, {'day': '6/3', 'low_temp': 58, 'high_temp': 89}, {'day': '6/4', 'low_temp': 60, 'high_temp': 89}, {'day': '6/5', 'low_temp': 59, 'high_temp': 91}, {'day': '6/6', 'low_temp': 58, 'high_temp': 87}, {'day': '6/7', 'low_temp': 58, 'high_temp': 85}, {'day': '6/8', 'low_temp': 57, 'high_temp': 83}]"
Barranca de Portales,Aguascalientes,"[{'day': '5/30', 'low_temp': 62, 'high_temp': 99}, {'day': '5/31', 'low_temp': 64, 'high_temp': 98}, {'day': '6/1', 'low_temp': 65, 'high_temp': 98}, {'day': '6/2', 'low_temp': 62, 'high_temp': 98}, {'day': '6/3', 'low_temp': 62, 'high_temp': 97}, {'day': '6/4', 'low_temp': 60, 'high_temp': 96}, {'day': '6/5', 'low_temp': 66, 'high_temp': 95}, {'day': '6/6', 'low_temp': 64, 'high_temp': 96}, {'day': '6/7', 'low_temp': 63, 'high_temp': 94}, {'day': '6/8', 'low_temp': 62, 'high_temp': 92}]"
Barandales de San José,Aguascalientes,"[{'day': '5/30', 'low_temp': 63, 'high_temp': 94}, {'day': '5/31', 'low_temp': 65, 'high_temp': 94}, {'day': '6/1', 'low_temp': 64, 'high_temp': 94}, {'day': '6/2', 'low_temp': 62, 'high_temp': 93}, {'day': '6/3', 'low_temp': 62, 'high_temp': 91}, {'day': '6/4', 'low_temp': 63, 'high_temp': 92}, {'day': '6/5', 'low_temp': 62, 'high_temp': 94}, {'day': '6/6', 'low_temp': 61, 'high_temp': 91}, {'day': '6/7', 'low_temp': 60, 'high_temp': 89}, {'day': '6/8', 'low_temp': 59, 'high_temp': 87}]"
Asturias,Aguascalientes,"[{'day': '5/30', 'low_temp': 63, 'high_temp': 94}, {'day': '5/31', 'low_temp': 65, 'high_temp': 94}, {'day': '6/1', 'low_temp': 64, 'high_temp': 94}, {'day': '6/2', 'low_temp': 62, 'high_temp': 93}, {'day': '6/3', 'low_temp': 62, 'high_temp': 91}, {'day': '6/4', 'low_temp': 63, 'high_temp': 92}, {'day': '6/5', 'low_temp': 62, 'high_temp': 94}, {'day': '6/6', 'low_temp': 61, 'high_temp': 91}, {'day': '6/7', 'low_temp': 60, 'high_temp': 89}, {'day': '6/8', 'low_temp': 59, 'high_temp': 87}]"
Asientos,Aguascalientes,"[{'day': '5/30', 'low_temp': 60, 'high_temp': 94}, {'day': '5/31', 'low_temp': 62, 'high_temp': 93}, {'day': '6/1', 'low_temp': 62, 'high_temp': 94}, {'day': '6/2', 'low_temp': 60, 'high_temp': 91}, {'day': '6/3', 'low_temp': 61, 'high_temp': 89}, {'day': '6/4', 'low_temp': 61, 'high_temp': 91}, {'day': '6/5', 'low_temp': 63, 'high_temp': 94}, {'day': '6/6', 'low_temp': 61, 'high_temp': 90}, {'day': '6/7', 'low_temp': 60, 'high_temp': 88}, {'day': '6/8', 'low_temp': 59, 'high_temp': 86}]"
Arroyo Ojocalientillo,Aguascalientes,"[{'day': '5/30', 'low_temp': 62, 'high_temp': 99}, {'day': '5/31', 'low_temp': 64, 'high_temp': 98}, {'day': '6/1', 'low_temp': 65, 'high_temp': 98}, {'day': '6/2', 'low_temp': 62, 'high_temp': 98}, {'day': '6/3', 'low_temp': 62, 'high_temp': 97}, {'day': '6/4', 'low_temp': 60, 'high_temp': 96}, {'day': '6/5', 'low_temp': 66, 'high_temp': 95}, {'day': '6/6', 'low_temp': 64, 'high_temp': 96}, {'day': '6/7', 'low_temp': 63, 'high_temp': 94}, {'day': '6/8', 'low_temp': 62, 'high_temp': 92}]"
Tepezalá,Aguascalientes,"[{'day': '5/30', 'low_temp': 60, 'high_temp': 94}, {'day': '5/31', 'low_temp': 62, 'high_temp': 93}, {'day': '6/1', 'low_temp': 62, 'high_temp': 94}, {'day': '6/2', 'low_temp': 60, 'high_temp': 91}, {'day': '6/3', 'low_temp': 61, 'high_temp': 89}, {'day': '6/4', 'low_temp': 61, 'high_temp': 91}, {'day': '6/5', 'low_temp': 63, 'high_temp': 94}, {'day': '6/6', 'low_temp': 61, 'high_temp': 90}, {'day': '6/7', 'low_temp': 60, 'high_temp': 88}, {'day': '6/8', 'low_temp': 59, 'high_temp': 86}]"
San José de Gracia,Aguascalientes,"[{'day': '5/30', 'low_temp': 60, 'high_temp': 94}, {'day': '5/31', 'low_temp': 62, 'high_temp': 93}, {'day': '6/1', 'low_temp': 62, 'high_temp': 94}, {'day': '6/2', 'low_temp': 60, 'high_temp': 91}, {'day': '6/3', 'low_temp': 61, 'high_temp': 89}, {'day': '6/4', 'low_temp': 61, 'high_temp': 91}, {'day': '6/5', 'low_temp': 63, 'high_temp': 94}, {'day': '6/6', 'low_temp': 61, 'high_temp': 90}, {'day': '6/7', 'low_temp': 60, 'high_temp': 88}, {'day': '6/8', 'low_temp': 59, 'high_temp': 86}]"
San Francisco de los Romo,Aguascalientes,"[{'day': '5/30', 'low_temp': 60, 'high_temp': 94}, {'day': '5/31', 'low_temp': 62, 'high_temp': 93}, {'day': '6/1', 'low_temp': 62, 'high_temp': 94}, {'day': '6/2', 'low_temp': 60, 'high_temp': 91}, {'day': '6/3', 'low_temp': 61, 'high_temp': 89}, {'day': '6/4', 'low_temp': 61, 'high_temp': 91}, {'day': '6/5', 'low_temp': 63, 'high_temp': 94}, {'day': '6/6', 'low_temp': 61, 'high_temp': 90}, {'day': '6/7', 'low_temp': 60, 'high_temp': 88}, {'day': '6/8', 'low_temp': 59, 'high_temp': 86}]"
Rincón de Romos,Aguascalientes,"[{'day': '5/30', 'low_temp': 60, 'high_temp': 94}, {'day': '5/31', 'low_temp': 62, 'high_temp': 93}, {'day': '6/1', 'low_temp': 62, 'high_temp': 94}, {'day': '6/2', 'low_temp': 60, 'high_temp': 91}, {'day': '6/3', 'low_temp': 61, 'high_temp': 89}, {'day': '6/4', 'low_temp': 61, 'high_temp': 91}, {'day': '6/5', 'low_temp': 63, 'high_temp': 94}, {'day': '6/6', 'low_temp': 61, 'high_temp': 90}, {'day': '6/7', 'low_temp': 60, 'high_temp': 88}, {'day': '6/8', 'low_temp': 59, 'high_temp': 86}]"
Pocitos,Aguascalientes,"[{'day': '5/30', 'low_temp': 63, 'high_temp': 94}, {'day': '5/31', 'low_temp': 65, 'high_temp': 94}, {'day': '6/1', 'low_temp': 64, 'high_temp': 94}, {'day': '6/2', 'low_temp': 62, 'high_temp': 93}, {'day': '6/3', 'low_temp': 62, 'high_temp': 91}, {'day': '6/4', 'low_temp': 63, 'high_temp': 92}, {'day': '6/5', 'low_temp': 62, 'high_temp': 94}, {'day': '6/6', 'low_temp': 61, 'high_temp': 91}, {'day': '6/7', 'low_temp': 60, 'high_temp': 89}, {'day': '6/8', 'low_temp': 59, 'high_temp': 87}]"
Palo Alto,Aguascalientes,"[{'day': '5/30', 'low_temp': 61, 'high_temp': 91}, {'day': '5/31', 'low_temp': 63, 'high_temp': 91}, {'day': '6/1', 'low_temp': 61, 'high_temp': 91}, {'day': '6/2', 'low_temp': 59, 'high_temp': 90}, {'day': '6/3', 'low_temp': 58, 'high_temp': 89}, {'day': '6/4', 'low_temp': 60, 'high_temp': 89}, {'day': '6/5', 'low_temp': 59, 'high_temp': 91}, {'day': '6/6', 'low_temp': 58, 'high_temp': 87}, {'day': '6/7', 'low_temp': 58, 'high_temp': 85}, {'day': '6/8', 'low_temp': 57, 'high_temp': 83}]"
Pabellón de Arteaga,Aguascalientes,"[{'day': '5/30', 'low_temp': 60, 'high_temp': 94}, {'day': '5/31', 'low_temp': 62, 'high_temp': 93}, {'day': '6/1', 'low_temp': 62, 'high_temp': 94}, {'day': '6/2', 'low_temp': 60, 'high_temp': 91}, {'day': '6/3', 'low_temp': 61, 'high_temp': 89}, {'day': '6/4', 'low_temp': 61, 'high_temp': 91}, {'day': '6/5', 'low_temp': 63, 'high_temp': 94}, {'day': '6/6', 'low_temp': 61, 'high_temp': 90}, {'day': '6/7', 'low_temp': 60, 'high_temp': 88}, {'day': '6/8', 'low_temp': 59, 'high_temp': 86}]"
Ojocaliente,Aguascalientes,"[{'day': '5/30', 'low_temp': 62, 'high_temp': 84}, {'day': '5/31', 'low_temp': 63, 'high_temp': 83}, {'day': '6/1', 'low_temp': 62, 'high_temp': 83}, {'day': '6/2', 'low_temp': 58, 'high_temp': 82}, {'day': '6/3', 'low_temp': 60, 'high_temp': 82}, {'day': '6/4', 'low_temp': 61, 'high_temp': 81}, {'day': '6/5', 'low_temp': 62, 'high_temp': 82}, {'day': '6/6', 'low_temp': 60, 'high_temp': 87}, {'day': '6/7', 'low_temp': 59, 'high_temp': 84}, {'day': '6/8', 'low_temp': 58, 'high_temp': 83}]"
Jesús María,Aguascalientes,"[{'day': '5/30', 'low_temp': 63, 'high_temp': 94}, {'day': '5/31', 'low_temp': 65, 'high_temp': 94}, {'day': '6/1', 'low_temp': 64, 'high_temp': 94}, {'day': '6/2', 'low_temp': 62, 'high_temp': 93}, {'day': '6/3', 'low_temp': 62, 'high_temp': 91}, {'day': '6/4', 'low_temp': 63, 'high_temp': 92}, {'day': '6/5', 'low_temp': 62, 'high_temp': 94}, {'day': '6/6', 'low_temp': 61, 'high_temp': 91}, {'day': '6/7', 'low_temp': 60, 'high_temp': 89}, {'day': '6/8', 'low_temp': 59, 'high_temp': 87}]"
Jesús Gómez Portugal,Aguascalientes,"[{'day': '5/30', 'low_temp': 63, 'high_temp': 94}, {'day': '5/31', 'low_temp': 65, 'high_temp': 94}, {'day': '6/1', 'low_temp': 64, 'high_temp': 94}, {'day': '6/2', 'low_temp': 62, 'high_temp': 93}, {'day': '6/3', 'low_temp': 62, 'high_temp': 91}, {'day': '6/4', 'low_temp': 63, 'high_temp': 92}, {'day': '6/5', 'low_temp': 62, 'high_temp': 94}, {'day': '6/6', 'low_temp': 61, 'high_temp': 91}, {'day': '6/7', 'low_temp': 60, 'high_temp': 89}, {'day': '6/8', 'low_temp': 59, 'high_temp': 87}]"
El Llano,Aguascalientes,"[{'day': '5/30', 'low_temp': 61, 'high_temp': 91}, {'day': '5/31', 'low_temp': 63, 'high_temp': 91}, {'day': '6/1', 'low_temp': 61, 'high_temp': 91}, {'day': '6/2', 'low_temp': 59, 'high_temp': 90}, {'day': '6/3', 'low_temp': 58, 'high_temp': 89}, {'day': '6/4', 'low_temp': 60, 'high_temp': 89}, {'day': '6/5', 'low_temp': 59, 'high_temp': 91}, {'day': '6/6', 'low_temp': 58, 'high_temp': 87}, {'day': '6/7', 'low_temp': 58, 'high_temp': 85}, {'day': '6/8', 'low_temp': 57, 'high_temp': 83}]"
El Gigante,Aguascalientes,"[{'day': '5/30', 'low_temp': 60, 'high_temp': 94}, {'day': '5/31', 'low_temp': 62, 'high_temp': 93}, {'day': '6/1', 'low_temp': 62, 'high_temp': 94}, {'day': '6/2', 'low_temp': 60, 'high_temp': 91}, {'day': '6/3', 'low_temp': 61, 'high_temp': 89}, {'day': '6/4', 'low_temp': 61, 'high_temp': 91}, {'day': '6/5', 'low_temp': 63, 'high_temp': 94}, {'day': '6/6', 'low_temp': 61, 'high_temp': 90}, {'day': '6/7', 'low_temp': 60, 'high_temp': 88}, {'day': '6/8', 'low_temp': 59, 'high_temp': 86}]"
El Garabato,Aguascalientes,"[{'day': '5/30', 'low_temp': 60, 'high_temp': 94}, {'day': '5/31', 'low_temp': 62, 'high_temp': 93}, {'day': '6/1', 'low_temp': 62, 'high_temp': 94}, {'day': '6/2', 'low_temp': 60, 'high_temp': 91}, {'day': '6/3', 'low_temp': 61, 'high_temp': 89}, {'day': '6/4', 'low_temp': 61, 'high_temp': 91}, {'day': '6/5', 'low_temp': 63, 'high_temp': 94}, {'day': '6/6', 'low_temp': 61, 'high_temp': 90}, {'day': '6/7', 'low_temp': 60, 'high_temp': 88}, {'day': '6/8', 'low_temp': 59, 'high_temp': 86}]"
El Epazote,Aguascalientes,"[{'day': '5/30', 'low_temp': 61, 'high_temp': 91}, {'day': '5/31', 'low_temp': 63, 'high_temp': 91}, {'day': '6/1', 'low_temp': 61, 'high_temp': 91}, {'day': '6/2', 'low_temp': 59, 'high_temp': 90}, {'day': '6/3', 'low_temp': 58, 'high_temp': 89}, {'day': '6/4', 'low_temp': 60, 'high_temp': 89}, {'day': '6/5', 'low_temp': 59, 'high_temp': 91}, {'day': '6/6', 'low_temp': 58, 'high_temp': 87}, {'day': '6/7', 'low_temp': 58, 'high_temp': 85}, {'day': '6/8', 'low_temp': 57, 'high_temp': 83}]"
El Durazno,Aguascalientes,"[{'day': '5/30', 'low_temp': 60, 'high_temp': 94}, {'day': '5/31', 'low_temp': 62, 'high_temp': 93}, {'day': '6/1', 'low_temp': 62, 'high_temp': 94}, {'day': '6/2', 'low_temp': 60, 'high_temp': 91}, {'day': '6/3', 'low_temp': 61, 'high_temp': 89}, {'day': '6/4', 'low_temp': 61, 'high_temp': 91}, {'day': '6/5', 'low_temp': 63, 'high_temp': 94}, {'day': '6/6', 'low_temp': 61, 'high_temp': 90}, {'day': '6/7', 'low_temp': 60, 'high_temp': 88}, {'day': '6/8', 'low_temp': 59, 'high_temp': 86}]"
El Duraznillo,Aguascalientes,"[{'day': '5/30', 'low_temp': 63, 'high_temp': 94}, {'day': '5/31', 'low_temp': 65, 'high_temp': 94}, {'day': '6/1', 'low_temp': 64, 'high_temp': 94}, {'day': '6/2', 'low_temp': 62, 'high_temp': 93}, {'day': '6/3', 'low_temp': 62, 'high_temp': 91}, {'day': '6/4', 'low_temp': 63, 'high_temp': 92}, {'day': '6/5', 'low_temp': 62, 'high_temp': 94}, {'day': '6/6', 'low_temp': 61, 'high_temp': 91}, {'day': '6/7', 'low_temp': 60, 'high_temp': 89}, {'day': '6/8', 'low_temp': 59, 'high_temp': 87}]"
El Cuervero,Aguascalientes,"[{'day': '5/30', 'low_temp': 62, 'high_temp': 84}, {'day': '5/31', 'low_temp': 63, 'high_temp': 83}, {'day': '6/1', 'low_temp': 62, 'high_temp': 83}, {'day': '6/2', 'low_temp': 58, 'high_temp': 82}, {'day': '6/3', 'low_temp': 60, 'high_temp': 82}, {'day': '6/4', 'low_temp': 61, 'high_temp': 81}, {'day': '6/5', 'low_temp': 62, 'high_temp': 82}, {'day': '6/6', 'low_temp': 60, 'high_temp': 87}, {'day': '6/7', 'low_temp': 59, 'high_temp': 84}, {'day': '6/8', 'low_temp': 58, 'high_temp': 83}]"
El Copetillo,Aguascalientes,"[{'day': '5/30', 'low_temp': 61, 'high_temp': 91}, {'day': '5/31', 'low_temp': 63, 'high_temp': 91}, {'day': '6/1', 'low_temp': 61, 'high_temp': 91}, {'day': '6/2', 'low_temp': 59, 'high_temp': 90}, {'day': '6/3', 'low_temp': 58, 'high_temp': 89}, {'day': '6/4', 'low_temp': 60, 'high_temp': 89}, {'day': '6/5', 'low_temp': 59, 'high_temp': 91}, {'day': '6/6', 'low_temp': 58, 'high_temp': 87}, {'day': '6/7', 'low_temp': 58, 'high_temp': 85}, {'day': '6/8', 'low_temp': 57, 'high_temp': 83}]"
El Conejal,Aguascalientes,"[{'day': '5/30', 'low_temp': 63, 'high_temp': 94}, {'day': '5/31', 'low_temp': 65, 'high_temp': 94}, {'day': '6/1', 'low_temp': 64, 'high_temp': 94}, {'day': '6/2', 'low_temp': 62, 'high_temp': 93}, {'day': '6/3', 'low_temp': 62, 'high_temp': 91}, {'day': '6/4', 'low_temp': 63, 'high_temp': 92}, {'day': '6/5', 'low_temp': 62, 'high_temp': 94}, {'day': '6/6', 'low_temp': 61, 'high_temp': 91}, {'day': '6/7', 'low_temp': 60, 'high_temp': 89}, {'day': '6/8', 'low_temp': 59, 'high_temp': 87}]"
El Colorado,Aguascalientes,"[{'day': '5/30', 'low_temp': 63, 'high_temp': 94}, {'day': '5/31', 'low_temp': 65, 'high_temp': 94}, {'day': '6/1', 'low_temp': 64, 'high_temp': 94}, {'day': '6/2', 'low_temp': 62, 'high_temp': 93}, {'day': '6/3', 'low_temp': 62, 'high_temp': 91}, {'day': '6/4', 'low_temp': 63, 'high_temp': 92}, {'day': '6/5', 'low_temp': 62, 'high_temp': 94}, {'day': '6/6', 'low_temp': 61, 'high_temp': 91}, {'day': '6/7', 'low_temp': 60, 'high_temp': 89}, {'day': '6/8', 'low_temp': 59, 'high_temp': 87}]"
El Chayote,Aguascalientes,"[{'day': '5/30', 'low_temp': 60, 'high_temp': 94}, {'day': '5/31', 'low_temp': 62, 'high_temp': 93}, {'day': '6/1', 'low_temp': 62, 'high_temp': 94}, {'day': '6/2', 'low_temp': 60, 'high_temp': 91}, {'day': '6/3', 'low_temp': 61, 'high_temp': 89}, {'day': '6/4', 'low_temp': 61, 'high_temp': 91}, {'day': '6/5', 'low_temp': 63, 'high_temp': 94}, {'day': '6/6', 'low_temp': 61, 'high_temp': 90}, {'day': '6/7', 'low_temp': 60, 'high_temp': 88}, {'day': '6/8', 'low_temp': 59, 'high_temp': 86}]"
El Cerrito,Aguascalientes,"[{'day': '5/30', 'low_temp': 60, 'high_temp': 94}, {'day': '5/31', 'low_temp': 62, 'high_temp': 93}, {'day': '6/1', 'low_temp': 62, 'high_temp': 94}, {'day': '6/2', 'low_temp': 60, 'high_temp': 91}, {'day': '6/3', 'low_temp': 61, 'high_temp': 89}, {'day': '6/4', 'low_temp': 61, 'high_temp': 91}, {'day': '6/5', 'low_temp': 63, 'high_temp': 94}, {'day': '6/6', 'low_temp': 61, 'high_temp': 90}, {'day': '6/7', 'low_temp': 60, 'high_temp': 88}, {'day': '6/8', 'low_temp': 59, 'high_temp': 86}]"
El Cenizo,Aguascalientes,"[{'day': '5/30', 'low_temp': 63, 'high_temp': 94}, {'day': '5/31', 'low_temp': 65, 'high_temp': 94}, {'day': '6/1', 'low_temp': 64, 'high_temp': 94}, {'day': '6/2', 'low_temp': 62, 'high_temp': 93}, {'day': '6/3', 'low_temp': 62, 'high_temp': 91}, {'day': '6/4', 'low_temp': 63, 'high_temp': 92}, {'day': '6/5', 'low_temp': 62, 'high_temp': 94}, {'day': '6/6', 'low_temp': 61, 'high_temp': 91}, {'day': '6/7', 'low_temp': 60, 'high_temp': 89}, {'day': '6/8', 'low_temp': 59, 'high_temp': 87}]"
El Cedazo,Aguascalientes,"[{'day': '5/30', 'low_temp': 63, 'high_temp': 91}, {'day': '5/31', 'low_temp': 64, 'high_temp': 94}, {'day': '6/1', 'low_temp': 63, 'high_temp': 93}, {'day': '6/2', 'low_temp': 62, 'high_temp': 92}, {'day': '6/3', 'low_temp': 61, 'high_temp': 92}, {'day': '6/4', 'low_temp': 61, 'high_temp': 92}, {'day': '6/5', 'low_temp': 62, 'high_temp': 93}, {'day': '6/6', 'low_temp': 62, 'high_temp': 90}, {'day': '6/7', 'low_temp': 62, 'high_temp': 88}, {'day': '6/8', 'low_temp': 61, 'high_temp': 87}]"
El Carmen,Aguascalientes,"[{'day': '5/30', 'low_temp': 60, 'high_temp': 94}, {'day': '5/31', 'low_temp': 62, 'high_temp': 93}, {'day': '6/1', 'low_temp': 62, 'high_temp': 94}, {'day': '6/2', 'low_temp': 60, 'high_temp': 91}, {'day': '6/3', 'low_temp': 61, 'high_temp': 89}, {'day': '6/4', 'low_temp': 61, 'high_temp': 91}, {'day': '6/5', 'low_temp': 63, 'high_temp': 94}, {'day': '6/6', 'low_temp': 61, 'high_temp': 90}, {'day': '6/7', 'low_temp': 60, 'high_temp': 88}, {'day': '6/8', 'low_temp': 59, 'high_temp': 86}]"
El Cariñán,Aguascalientes,"[{'day': '5/30', 'low_temp': 63, 'high_temp': 94}, {'day': '5/31', 'low_temp': 65, 'high_temp': 94}, {'day': '6/1', 'low_temp': 64, 'high_temp': 94}, {'day': '6/2', 'low_temp': 62, 'high_temp': 93}, {'day': '6/3', 'low_temp': 62, 'high_temp': 91}, {'day': '6/4', 'low_temp': 63, 'high_temp': 92}, {'day': '6/5', 'low_temp': 62, 'high_temp': 94}, {'day': '6/6', 'low_temp': 61, 'high_temp': 91}, {'day': '6/7', 'low_temp': 60, 'high_temp': 89}, {'day': '6/8', 'low_temp': 59, 'high_temp': 87}]"
El Cardonal,Aguascalientes,"[{'day': '5/30', 'low_temp': 60, 'high_temp': 94}, {'day': '5/31', 'low_temp': 62, 'high_temp': 93}, {'day': '6/1', 'low_temp': 62, 'high_temp': 94}, {'day': '6/2', 'low_temp': 60, 'high_temp': 91}, {'day': '6/3', 'low_temp': 61, 'high_temp': 89}, {'day': '6/4', 'low_temp': 61, 'high_temp': 91}, {'day': '6/5', 'low_temp': 63, 'high_temp': 94}, {'day': '6/6', 'low_temp': 61, 'high_temp': 90}, {'day': '6/7', 'low_temp': 60, 'high_temp': 88}, {'day': '6/8', 'low_temp': 59, 'high_temp': 86}]"
El Canal,Aguascalientes,"[{'day': '5/30', 'low_temp': 60, 'high_temp': 94}, {'day': '5/31', 'low_temp': 62, 'high_temp': 93}, {'day': '6/1', 'low_temp': 62, 'high_temp': 94}, {'day': '6/2', 'low_temp': 60, 'high_temp': 91}, {'day': '6/3', 'low_temp': 61, 'high_temp': 89}, {'day': '6/4', 'low_temp': 61, 'high_temp': 91}, {'day': '6/5', 'low_temp': 63, 'high_temp': 94}, {'day': '6/6', 'low_temp': 61, 'high_temp': 90}, {'day': '6/7', 'low_temp': 60, 'high_temp': 88}, {'day': '6/8', 'low_temp': 59, 'high_temp': 86}]"
El Barranco,Aguascalientes,"[{'day': '5/30', 'low_temp': 60, 'high_temp': 94}, {'day': '5/31', 'low_temp': 62, 'high_temp': 93}, {'day': '6/1', 'low_temp': 62, 'high_temp': 94}, {'day': '6/2', 'low_temp': 60, 'high_temp': 91}, {'day': '6/3', 'low_temp': 61, 'high_temp': 89}, {'day': '6/4', 'low_temp': 61, 'high_temp': 91}, {'day': '6/5', 'low_temp': 63, 'high_temp': 94}, {'day': '6/6', 'low_temp': 61, 'high_temp': 90}, {'day': '6/7', 'low_temp': 60, 'high_temp': 88}, {'day': '6/8', 'low_temp': 59, 'high_temp': 86}]"
El Bajío de los Campos,Aguascalientes,"[{'day': '5/30', 'low_temp': 61, 'high_temp': 91}, {'day': '5/31', 'low_temp': 63, 'high_temp': 91}, {'day': '6/1', 'low_temp': 61, 'high_temp': 91}, {'day': '6/2', 'low_temp': 59, 'high_temp': 90}, {'day': '6/3', 'low_temp': 58, 'high_temp': 89}, {'day': '6/4', 'low_temp': 60, 'high_temp': 89}, {'day': '6/5', 'low_temp': 59, 'high_temp': 91}, {'day': '6/6', 'low_temp': 58, 'high_temp': 87}, {'day': '6/7', 'low_temp': 58, 'high_temp': 85}, {'day': '6/8', 'low_temp': 57, 'high_temp': 83}]"
El Bajío,Aguascalientes,"[{'day': '5/30', 'low_temp': 60, 'high_temp': 94}, {'day': '5/31', 'low_temp': 62, 'high_temp': 93}, {'day': '6/1', 'low_temp': 62, 'high_temp': 94}, {'day': '6/2', 'low_temp': 60, 'high_temp': 91}, {'day': '6/3', 'low_temp': 61, 'high_temp': 89}, {'day': '6/4', 'low_temp': 61, 'high_temp': 91}, {'day': '6/5', 'low_temp': 63, 'high_temp': 94}, {'day': '6/6', 'low_temp': 61, 'high_temp': 90}, {'day': '6/7', 'low_temp': 60, 'high_temp': 88}, {'day': '6/8', 'low_temp': 59, 'high_temp': 86}]"
El Aurero,Aguascalientes,"[{'day': '5/30', 'low_temp': 63, 'high_temp': 94}, {'day': '5/31', 'low_temp': 65, 'high_temp': 94}, {'day': '6/1', 'low_temp': 64, 'high_temp': 94}, {'day': '6/2', 'low_temp': 62, 'high_temp': 93}, {'day': '6/3', 'low_temp': 62, 'high_temp': 91}, {'day': '6/4', 'low_temp': 63, 'high_temp': 92}, {'day': '6/5', 'low_temp': 62, 'high_temp': 94}, {'day': '6/6', 'low_temp': 61, 'high_temp': 91}, {'day': '6/7', 'low_temp': 60, 'high_temp': 89}, {'day': '6/8', 'low_temp': 59, 'high_temp': 87}]"
El Álamo,Aguascalientes,"[{'day': '5/30', 'low_temp': 63, 'high_temp': 94}, {'day': '5/31', 'low_temp': 65, 'high_temp': 94}, {'day': '6/1', 'low_temp': 64, 'high_temp': 94}, {'day': '6/2', 'low_temp': 62, 'high_temp': 93}, {'day': '6/3', 'low_temp': 62, 'high_temp': 91}, {'day': '6/4', 'low_temp': 63, 'high_temp': 92}, {'day': '6/5', 'low_temp': 62, 'high_temp': 94}, {'day': '6/6', 'low_temp': 61, 'high_temp': 91}, {'day': '6/7', 'low_temp': 60, 'high_temp': 89}, {'day': '6/8', 'low_temp': 59, 'high_temp': 87}]"
El Águila,Aguascalientes,"[{'day': '5/30', 'low_temp': 60, 'high_temp': 94}, {'day': '5/31', 'low_temp': 62, 'high_temp': 93}, {'day': '6/1', 'low_temp': 62, 'high_temp': 94}, {'day': '6/2', 'low_temp': 60, 'high_temp': 91}, {'day': '6/3', 'low_temp': 61, 'high_temp': 89}, {'day': '6/4', 'low_temp': 61, 'high_temp': 91}, {'day': '6/5', 'low_temp': 63, 'high_temp': 94}, {'day': '6/6', 'low_temp': 61, 'high_temp': 90}, {'day': '6/7', 'low_temp': 60, 'high_temp': 88}, {'day': '6/8', 'low_temp': 59, 'high_temp': 86}]"
Ejido San Antonio de los Pedroza,Aguascalientes,"[{'day': '5/30', 'low_temp': 63, 'high_temp': 94}, {'day': '5/31', 'low_temp': 65, 'high_temp': 94}, {'day': '6/1', 'low_temp': 64, 'high_temp': 94}, {'day': '6/2', 'low_temp': 62, 'high_temp': 93}, {'day': '6/3', 'low_temp': 62, 'high_temp': 91}, {'day': '6/4', 'low_temp': 63, 'high_temp': 92}, {'day': '6/5', 'low_temp': 62, 'high_temp': 94}, {'day': '6/6', 'low_temp': 61, 'high_temp': 91}, {'day': '6/7', 'low_temp': 60, 'high_temp': 89}, {'day': '6/8', 'low_temp': 59, 'high_temp': 87}]"
Ejido Rancho Nuevo,Aguascalientes,"[{'day': '5/30', 'low_temp': 60, 'high_temp': 94}, {'day': '5/31', 'low_temp': 62, 'high_temp': 93}, {'day': '6/1', 'low_temp': 62, 'high_temp': 94}, {'day': '6/2', 'low_temp': 60, 'high_temp': 91}, {'day': '6/3', 'low_temp': 61, 'high_temp': 89}, {'day': '6/4', 'low_temp': 61, 'high_temp': 91}, {'day': '6/5', 'low_temp': 63, 'high_temp': 94}, {'day': '6/6', 'low_temp': 61, 'high_temp': 90}, {'day': '6/7', 'low_temp': 60, 'high_temp': 88}, {'day': '6/8', 'low_temp': 59, 'high_temp': 86}]"
Ejido Ojo Zarco,Aguascalientes,"[{'day': '5/30', 'low_temp': 60, 'high_temp': 94}, {'day': '5/31', 'low_temp': 62, 'high_temp': 93}, {'day': '6/1', 'low_temp': 62, 'high_temp': 94}, {'day': '6/2', 'low_temp': 60, 'high_temp': 91}, {'day': '6/3', 'low_temp': 61, 'high_temp': 89}, {'day': '6/4', 'low_temp': 61, 'high_temp': 91}, {'day': '6/5', 'low_temp': 63, 'high_temp': 94}, {'day': '6/6', 'low_temp': 61, 'high_temp': 90}, {'day': '6/7', 'low_temp': 60, 'high_temp': 88}, {'day': '6/8', 'low_temp': 59, 'high_temp': 86}]"
Ejido los Negritos,Aguascalientes,"[{'day': '5/30', 'low_temp': 63, 'high_temp': 94}, {'day': '5/31', 'low_temp': 65, 'high_temp': 94}, {'day': '6/1', 'low_temp': 64, 'high_temp': 94}, {'day': '6/2', 'low_temp': 62, 'high_temp': 93}, {'day': '6/3', 'low_temp': 62, 'high_temp': 91}, {'day': '6/4', 'low_temp': 63, 'high_temp': 92}, {'day': '6/5', 'low_temp': 62, 'high_temp': 94}, {'day': '6/6', 'low_temp': 61, 'high_temp': 91}, {'day': '6/7', 'low_temp': 60, 'high_temp': 89}, {'day': '6/8', 'low_temp': 59, 'high_temp': 87}]"
Ejido la Guayana,Aguascalientes,"[{'day': '5/30', 'low_temp': 63, 'high_temp': 94}, {'day': '5/31', 'low_temp': 65, 'high_temp': 94}, {'day': '6/1', 'low_temp': 64, 'high_temp': 94}, {'day': '6/2', 'low_temp': 62, 'high_temp': 93}, {'day': '6/3', 'low_temp': 62, 'high_temp': 91}, {'day': '6/4', 'low_temp': 63, 'high_temp': 92}, {'day': '6/5', 'low_temp': 62, 'high_temp': 94}, {'day': '6/6', 'low_temp': 61, 'high_temp': 91}, {'day': '6/7', 'low_temp': 60, 'high_temp': 89}, {'day': '6/8', 'low_temp': 59, 'high_temp': 87}]"
Ejido el Mezquite,Aguascalientes,"[{'day': '5/30', 'low_temp': 60, 'high_temp': 94}, {'day': '5/31', 'low_temp': 62, 'high_temp': 93}, {'day': '6/1', 'low_temp': 62, 'high_temp': 94}, {'day': '6/2', 'low_temp': 60, 'high_temp': 91}, {'day': '6/3', 'low_temp': 61, 'high_temp': 89}, {'day': '6/4', 'low_temp': 61, 'high_temp': 91}, {'day': '6/5', 'low_temp': 63, 'high_temp': 94}, {'day': '6/6', 'low_temp': 61, 'high_temp': 90}, {'day': '6/7', 'low_temp': 60, 'high_temp': 88}, {'day': '6/8', 'low_temp': 59, 'high_temp': 86}]"
Cumbres III,Aguascalientes,"[{'day': '5/30', 'low_temp': 63, 'high_temp': 94}, {'day': '5/31', 'low_temp': 65, 'high_temp': 94}, {'day': '6/1', 'low_temp': 64, 'high_temp': 94}, {'day': '6/2', 'low_temp': 62, 'high_temp': 93}, {'day': '6/3', 'low_temp': 62, 'high_temp': 91}, {'day': '6/4', 'low_temp': 63, 'high_temp': 92}, {'day': '6/5', 'low_temp': 62, 'high_temp': 94}, {'day': '6/6', 'low_temp': 61, 'high_temp': 91}, {'day': '6/7', 'low_temp': 60, 'high_temp': 89}, {'day': '6/8', 'low_temp': 59, 'high_temp': 87}]"
Cuauhtémoc,Aguascalientes,"[{'day': '5/30', 'low_temp': 63, 'high_temp': 91}, {'day': '5/31', 'low_temp': 64, 'high_temp': 94}, {'day': '6/1', 'low_temp': 63, 'high_temp': 93}, {'day': '6/2', 'low_temp': 62, 'high_temp': 92}, {'day': '6/3', 'low_temp': 61, 'high_temp': 92}, {'day': '6/4', 'low_temp': 61, 'high_temp': 92}, {'day': '6/5', 'low_temp': 62, 'high_temp': 93}, {'day': '6/6', 'low_temp': 62, 'high_temp': 90}, {'day': '6/7', 'low_temp': 62, 'high_temp': 88}, {'day': '6/8', 'low_temp': 61, 'high_temp': 87}]"
Crucero las Pilas,Aguascalientes,"[{'day': '5/30', 'low_temp': 62, 'high_temp': 99}, {'day': '5/31', 'low_temp': 64, 'high_temp': 98}, {'day': '6/1', 'low_temp': 65, 'high_temp': 98}, {'day': '6/2', 'low_temp': 62, 'high_temp': 98}, {'day': '6/3', 'low_temp': 62, 'high_temp': 97}, {'day': '6/4', 'low_temp': 60, 'high_temp': 96}, {'day': '6/5', 'low_temp': 66, 'high_temp': 95}, {'day': '6/6', 'low_temp': 64, 'high_temp': 96}, {'day': '6/7', 'low_temp': 63, 'high_temp': 94}, {'day': '6/8', 'low_temp': 62, 'high_temp': 92}]"
Crisóstomos,Aguascalientes,"[{'day': '5/30', 'low_temp': 61, 'high_temp': 91}, {'day': '5/31', 'low_temp': 63, 'high_temp': 91}, {'day': '6/1', 'low_temp': 61, 'high_temp': 91}, {'day': '6/2', 'low_temp': 59, 'high_temp': 90}, {'day': '6/3', 'low_temp': 58, 'high_temp': 89}, {'day': '6/4', 'low_temp': 60, 'high_temp': 89}, {'day': '6/5', 'low_temp': 59, 'high_temp': 91}, {'day': '6/6', 'low_temp': 58, 'high_temp': 87}, {'day': '6/7', 'low_temp': 58, 'high_temp': 85}, {'day': '6/8', 'low_temp': 57, 'high_temp': 83}]"
Coyotes,Aguascalientes,"[{'day': '5/30', 'low_temp': 63, 'high_temp': 94}, {'day': '5/31', 'low_temp': 65, 'high_temp': 94}, {'day': '6/1', 'low_temp': 64, 'high_temp': 94}, {'day': '6/2', 'low_temp': 62, 'high_temp': 93}, {'day': '6/3', 'low_temp': 62, 'high_temp': 91}, {'day': '6/4', 'low_temp': 63, 'high_temp': 92}, {'day': '6/5', 'low_temp': 62, 'high_temp': 94}, {'day': '6/6', 'low_temp': 61, 'high_temp': 91}, {'day': '6/7', 'low_temp': 60, 'high_temp': 89}, {'day': '6/8', 'low_temp': 59, 'high_temp': 87}]"
Cotorina,Aguascalientes,"[{'day': '5/30', 'low_temp': 63, 'high_temp': 91}, {'day': '5/31', 'low_temp': 64, 'high_temp': 94}, {'day': '6/1', 'low_temp': 63, 'high_temp': 93}, {'day': '6/2', 'low_temp': 62, 'high_temp': 92}, {'day': '6/3', 'low_temp': 61, 'high_temp': 92}, {'day': '6/4', 'low_temp': 61, 'high_temp': 92}, {'day': '6/5', 'low_temp': 62, 'high_temp': 93}, {'day': '6/6', 'low_temp': 62, 'high_temp': 90}, {'day': '6/7', 'low_temp': 62, 'high_temp': 88}, {'day': '6/8', 'low_temp': 61, 'high_temp': 87}]"
Cosío,Aguascalientes,"[{'day': '5/30', 'low_temp': 60, 'high_temp': 94}, {'day': '5/31', 'low_temp': 62, 'high_temp': 93}, {'day': '6/1', 'low_temp': 62, 'high_temp': 94}, {'day': '6/2', 'low_temp': 60, 'high_temp': 91}, {'day': '6/3', 'low_temp': 61, 'high_temp': 89}, {'day': '6/4', 'low_temp': 61, 'high_temp': 91}, {'day': '6/5', 'low_temp': 63, 'high_temp': 94}, {'day': '6/6', 'low_temp': 61, 'high_temp': 90}, {'day': '6/7', 'low_temp': 60, 'high_temp': 88}, {'day': '6/8', 'low_temp': 59, 'high_temp': 86}]"
Corral de Barrancos,Aguascalientes,"[{'day': '5/30', 'low_temp': 63, 'high_temp': 94}, {'day': '5/31', 'low_temp': 65, 'high_temp': 94}, {'day': '6/1', 'low_temp': 64, 'high_temp': 94}, {'day': '6/2', 'low_temp': 62, 'high_temp': 93}, {'day': '6/3', 'low_temp': 62, 'high_temp': 91}, {'day': '6/4', 'low_temp': 63, 'high_temp': 92}, {'day': '6/5', 'low_temp': 62, 'high_temp': 94}, {'day': '6/6', 'low_temp': 61, 'high_temp': 91}, {'day': '6/7', 'low_temp': 60, 'high_temp': 89}, {'day': '6/8', 'low_temp': 59, 'high_temp': 87}]"
Comunidad el Rocío,Aguascalientes,"[{'day': '5/30', 'low_temp': 63, 'high_temp': 94}, {'day': '5/31', 'low_temp': 65, 'high_temp': 94}, {'day': '6/1', 'low_temp': 64, 'high_temp': 94}, {'day': '6/2', 'low_temp': 62, 'high_temp': 93}, {'day': '6/3', 'low_temp': 62, 'high_temp': 91}, {'day': '6/4', 'low_temp': 63, 'high_temp': 92}, {'day': '6/5', 'low_temp': 62, 'high_temp': 94}, {'day': '6/6', 'low_temp': 61, 'high_temp': 91}, {'day': '6/7', 'low_temp': 60, 'high_temp': 89}, {'day': '6/8', 'low_temp': 59, 'high_temp': 87}]"
Colonia Nueva,Aguascalientes,"[{'day': '5/30', 'low_temp': 60, 'high_temp': 94}, {'day': '5/31', 'low_temp': 62, 'high_temp': 93}, {'day': '6/1', 'low_temp': 62, 'high_temp': 94}, {'day': '6/2', 'low_temp': 60, 'high_temp': 91}, {'day': '6/3', 'low_temp': 61, 'high_temp': 89}, {'day': '6/4', 'low_temp': 61, 'high_temp': 91}, {'day': '6/5', 'low_temp': 63, 'high_temp': 94}, {'day': '6/6', 'low_temp': 61, 'high_temp': 90}, {'day': '6/7', 'low_temp': 60, 'high_temp': 88}, {'day': '6/8', 'low_temp': 59, 'high_temp': 86}]"
Colonia la Perla,Aguascalientes,"[{'day': '5/30', 'low_temp': 63, 'high_temp': 94}, {'day': '5/31', 'low_temp': 65, 'high_temp': 94}, {'day': '6/1', 'low_temp': 64, 'high_temp': 94}, {'day': '6/2', 'low_temp': 62, 'high_temp': 93}, {'day': '6/3', 'low_temp': 62, 'high_temp': 91}, {'day': '6/4', 'low_temp': 63, 'high_temp': 92}, {'day': '6/5', 'low_temp': 62, 'high_temp': 94}, {'day': '6/6', 'low_temp': 61, 'high_temp': 91}, {'day': '6/7', 'low_temp': 60, 'high_temp': 89}, {'day': '6/8', 'low_temp': 59, 'high_temp': 87}]"
Colonia Che Guevara,Aguascalientes,"[{'day': '5/30', 'low_temp': 63, 'high_temp': 94}, {'day': '5/31', 'low_temp': 65, 'high_temp': 94}, {'day': '6/1', 'low_temp': 64, 'high_temp': 94}, {'day': '6/2', 'low_temp': 62, 'high_temp': 93}, {'day': '6/3', 'low_temp': 62, 'high_temp': 91}, {'day': '6/4', 'low_temp': 63, 'high_temp': 92}, {'day': '6/5', 'low_temp': 62, 'high_temp': 94}, {'day': '6/6', 'low_temp': 61, 'high_temp': 91}, {'day': '6/7', 'low_temp': 60, 'high_temp': 89}, {'day': '6/8', 'low_temp': 59, 'high_temp': 87}]"
Colonia Macario J. Gómez,Aguascalientes,"[{'day': '5/30', 'low_temp': 63, 'high_temp': 94}, {'day': '5/31', 'low_temp': 65, 'high_temp': 94}, {'day': '6/1', 'low_temp': 64, 'high_temp': 94}, {'day': '6/2', 'low_temp': 62, 'high_temp': 93}, {'day': '6/3', 'low_temp': 62, 'high_temp': 91}, {'day': '6/4', 'low_temp': 63, 'high_temp': 92}, {'day': '6/5', 'low_temp': 62, 'high_temp': 94}, {'day': '6/6', 'low_temp': 61, 'high_temp': 91}, {'day': '6/7', 'low_temp': 60, 'high_temp': 89}, {'day': '6/8', 'low_temp': 59, 'high_temp': 87}]"
Colonia Agronómica,Aguascalientes,"[{'day': '5/30', 'low_temp': 63, 'high_temp': 94}, {'day': '5/31', 'low_temp': 65, 'high_temp': 94}, {'day': '6/1', 'low_temp': 64, 'high_temp': 94}, {'day': '6/2', 'low_temp': 62, 'high_temp': 93}, {'day': '6/3', 'low_temp': 62, 'high_temp': 91}, {'day': '6/4', 'low_temp': 63, 'high_temp': 92}, {'day': '6/5', 'low_temp': 62, 'high_temp': 94}, {'day': '6/6', 'low_temp': 61, 'high_temp': 91}, {'day': '6/7', 'low_temp': 60, 'high_temp': 89}, {'day': '6/8', 'low_temp': 59, 'high_temp': 87}]"
Colomos,Aguascalientes,"[{'day': '5/30', 'low_temp': 60, 'high_temp': 90}, {'day': '5/31', 'low_temp': 62, 'high_temp': 89}, {'day': '6/1', 'low_temp': 61, 'high_temp': 89}, {'day': '6/2', 'low_temp': 61, 'high_temp': 86}, {'day': '6/3', 'low_temp': 60, 'high_temp': 88}, {'day': '6/4', 'low_temp': 61, 'high_temp': 88}, {'day': '6/5', 'low_temp': 62, 'high_temp': 87}, {'day': '6/6', 'low_temp': 59, 'high_temp': 85}, {'day': '6/7', 'low_temp': 58, 'high_temp': 83}, {'day': '6/8', 'low_temp': 57, 'high_temp': 82}]"
Cobos,Aguascalientes,"[{'day': '5/30', 'low_temp': 63, 'high_temp': 94}, {'day': '5/31', 'low_temp': 65, 'high_temp': 94}, {'day': '6/1', 'low_temp': 64, 'high_temp': 94}, {'day': '6/2', 'low_temp': 62, 'high_temp': 93}, {'day': '6/3', 'low_temp': 62, 'high_temp': 91}, {'day': '6/4', 'low_temp': 63, 'high_temp': 92}, {'day': '6/5', 'low_temp': 62, 'high_temp': 94}, {'day': '6/6', 'low_temp': 61, 'high_temp': 91}, {'day': '6/7', 'low_temp': 60, 'high_temp': 89}, {'day': '6/8', 'low_temp': 59, 'high_temp': 87}]"
Clavellinas,Aguascalientes,"[{'day': '5/30', 'low_temp': 60, 'high_temp': 94}, {'day': '5/31', 'low_temp': 62, 'high_temp': 93}, {'day': '6/1', 'low_temp': 62, 'high_temp': 94}, {'day': '6/2', 'low_temp': 60, 'high_temp': 91}, {'day': '6/3', 'low_temp': 61, 'high_temp': 89}, {'day': '6/4', 'low_temp': 61, 'high_temp': 91}, {'day': '6/5', 'low_temp': 63, 'high_temp': 94}, {'day': '6/6', 'low_temp': 61, 'high_temp': 90}, {'day': '6/7', 'low_temp': 60, 'high_temp': 88}, {'day': '6/8', 'low_temp': 59, 'high_temp': 86}]"
Ciudad de los Niños,Aguascalientes,"[{'day': '5/30', 'low_temp': 63, 'high_temp': 94}, {'day': '5/31', 'low_temp': 65, 'high_temp': 94}, {'day': '6/1', 'low_temp': 64, 'high_temp': 94}, {'day': '6/2', 'low_temp': 62, 'high_temp': 93}, {'day': '6/3', 'low_temp': 62, 'high_temp': 91}, {'day': '6/4', 'low_temp': 63, 'high_temp': 92}, {'day': '6/5', 'low_temp': 62, 'high_temp': 94}, {'day': '6/6', 'low_temp': 61, 'high_temp': 91}, {'day': '6/7', 'low_temp': 60, 'high_temp': 89}, {'day': '6/8', 'low_temp': 59, 'high_temp': 87}]"
CINE,Aguascalientes,"[{'day': '5/30', 'low_temp': 62, 'high_temp': 99}, {'day': '5/31', 'low_temp': 64, 'high_temp': 98}, {'day': '6/1', 'low_temp': 65, 'high_temp': 98}, {'day': '6/2', 'low_temp': 62, 'high_temp': 98}, {'day': '6/3', 'low_temp': 62, 'high_temp': 97}, {'day': '6/4', 'low_temp': 60, 'high_temp': 96}, {'day': '6/5', 'low_temp': 66, 'high_temp': 95}, {'day': '6/6', 'low_temp': 64, 'high_temp': 96}, {'day': '6/7', 'low_temp': 63, 'high_temp': 94}, {'day': '6/8', 'low_temp': 62, 'high_temp': 92}]"
Cieneguitas,Aguascalientes,"[{'day': '5/30', 'low_temp': 63, 'high_temp': 94}, {'day': '5/31', 'low_temp': 65, 'high_temp': 94}, {'day': '6/1', 'low_temp': 64, 'high_temp': 94}, {'day': '6/2', 'low_temp': 62, 'high_temp': 93}, {'day': '6/3', 'low_temp': 62, 'high_temp': 91}, {'day': '6/4', 'low_temp': 63, 'high_temp': 92}, {'day': '6/5', 'low_temp': 62, 'high_temp': 94}, {'day': '6/6', 'low_temp': 61, 'high_temp': 91}, {'day': '6/7', 'low_temp': 60, 'high_temp': 89}, {'day': '6/8', 'low_temp': 59, 'high_temp': 87}]"
Cieneguilla,Aguascalientes,"[{'day': '5/30', 'low_temp': 63, 'high_temp': 91}, {'day': '5/31', 'low_temp': 64, 'high_temp': 94}, {'day': '6/1', 'low_temp': 63, 'high_temp': 93}, {'day': '6/2', 'low_temp': 62, 'high_temp': 92}, {'day': '6/3', 'low_temp': 61, 'high_temp': 92}, {'day': '6/4', 'low_temp': 61, 'high_temp': 92}, {'day': '6/5', 'low_temp': 62, 'high_temp': 93}, {'day': '6/6', 'low_temp': 62, 'high_temp': 90}, {'day': '6/7', 'low_temp': 62, 'high_temp': 88}, {'day': '6/8', 'low_temp': 61, 'high_temp': 87}]"
Ciénega Grande,Aguascalientes,"[{'day': '5/30', 'low_temp': 61, 'high_temp': 91}, {'day': '5/31', 'low_temp': 63, 'high_temp': 91}, {'day': '6/1', 'low_temp': 61, 'high_temp': 91}, {'day': '6/2', 'low_temp': 59, 'high_temp': 90}, {'day': '6/3', 'low_temp': 58, 'high_temp': 89}, {'day': '6/4', 'low_temp': 60, 'high_temp': 89}, {'day': '6/5', 'low_temp': 59, 'high_temp': 91}, {'day': '6/6', 'low_temp': 58, 'high_temp': 87}, {'day': '6/7', 'low_temp': 58, 'high_temp': 85}, {'day': '6/8', 'low_temp': 57, 'high_temp': 83}]"
Chiquihuitero,Aguascalientes,"[{'day': '5/30', 'low_temp': 62, 'high_temp': 84}, {'day': '5/31', 'low_temp': 63, 'high_temp': 83}, {'day': '6/1', 'low_temp': 62, 'high_temp': 83}, {'day': '6/2', 'low_temp': 58, 'high_temp': 82}, {'day': '6/3', 'low_temp': 60, 'high_temp': 82}, {'day': '6/4', 'low_temp': 61, 'high_temp': 81}, {'day': '6/5', 'low_temp': 62, 'high_temp': 82}, {'day': '6/6', 'low_temp': 60, 'high_temp': 87}, {'day': '6/7', 'low_temp': 59, 'high_temp': 84}, {'day': '6/8', 'low_temp': 58, 'high_temp': 83}]"
Chicalote,Aguascalientes,"[{'day': '5/30', 'low_temp': 63, 'high_temp': 94}, {'day': '5/31', 'low_temp': 65, 'high_temp': 94}, {'day': '6/1', 'low_temp': 64, 'high_temp': 94}, {'day': '6/2', 'low_temp': 62, 'high_temp': 93}, {'day': '6/3', 'low_temp': 62, 'high_temp': 91}, {'day': '6/4', 'low_temp': 63, 'high_temp': 92}, {'day': '6/5', 'low_temp': 62, 'high_temp': 94}, {'day': '6/6', 'low_temp': 61, 'high_temp': 91}, {'day': '6/7', 'low_temp': 60, 'high_temp': 89}, {'day': '6/8', 'low_temp': 59, 'high_temp': 87}]"
Charco Azul,Aguascalientes,"[{'day': '5/30', 'low_temp': 61, 'high_temp': 91}, {'day': '5/31', 'low_temp': 63, 'high_temp': 91}, {'day': '6/1', 'low_temp': 61, 'high_temp': 91}, {'day': '6/2', 'low_temp': 59, 'high_temp': 90}, {'day': '6/3', 'low_temp': 58, 'high_temp': 89}, {'day': '6/4', 'low_temp': 60, 'high_temp': 89}, {'day': '6/5', 'low_temp': 59, 'high_temp': 91}, {'day': '6/6', 'low_temp': 58, 'high_temp': 87}, {'day': '6/7', 'low_temp': 58, 'high_temp': 85}, {'day': '6/8', 'low_temp': 57, 'high_temp': 83}]"
Cerro del Gato,Aguascalientes,"[{'day': '5/30', 'low_temp': 60, 'high_temp': 94}, {'day': '5/31', 'low_temp': 62, 'high_temp': 93}, {'day': '6/1', 'low_temp': 62, 'high_temp': 94}, {'day': '6/2', 'low_temp': 60, 'high_temp': 91}, {'day': '6/3', 'low_temp': 61, 'high_temp': 89}, {'day': '6/4', 'low_temp': 61, 'high_temp': 91}, {'day': '6/5', 'low_temp': 63, 'high_temp': 94}, {'day': '6/6', 'low_temp': 61, 'high_temp': 90}, {'day': '6/7', 'low_temp': 60, 'high_temp': 88}, {'day': '6/8', 'low_temp': 59, 'high_temp': 86}]"
Centro de Arriba,Aguascalientes,"[{'day': '5/30', 'low_temp': 63, 'high_temp': 91}, {'day': '5/31', 'low_temp': 64, 'high_temp': 94}, {'day': '6/1', 'low_temp': 63, 'high_temp': 93}, {'day': '6/2', 'low_temp': 62, 'high_temp': 92}, {'day': '6/3', 'low_temp': 61, 'high_temp': 92}, {'day': '6/4', 'low_temp': 61, 'high_temp': 92}, {'day': '6/5', 'low_temp': 62, 'high_temp': 93}, {'day': '6/6', 'low_temp': 62, 'high_temp': 90}, {'day': '6/7', 'low_temp': 62, 'high_temp': 88}, {'day': '6/8', 'low_temp': 61, 'high_temp': 87}]"
Cartuja Residencial,Aguascalientes,"[{'day': '5/30', 'low_temp': 63, 'high_temp': 94}, {'day': '5/31', 'low_temp': 65, 'high_temp': 94}, {'day': '6/1', 'low_temp': 64, 'high_temp': 94}, {'day': '6/2', 'low_temp': 62, 'high_temp': 93}, {'day': '6/3', 'low_temp': 62, 'high_temp': 91}, {'day': '6/4', 'low_temp': 63, 'high_temp': 92}, {'day': '6/5', 'low_temp': 62, 'high_temp': 94}, {'day': '6/6', 'low_temp': 61, 'high_temp': 91}, {'day': '6/7', 'low_temp': 60, 'high_temp': 89}, {'day': '6/8', 'low_temp': 59, 'high_temp': 87}]"
Carboneras,Aguascalientes,"[{'day': '5/30', 'low_temp': 60, 'high_temp': 94}, {'day': '5/31', 'low_temp': 62, 'high_temp': 93}, {'day': '6/1', 'low_temp': 62, 'high_temp': 94}, {'day': '6/2', 'low_temp': 60, 'high_temp': 91}, {'day': '6/3', 'low_temp': 61, 'high_temp': 89}, {'day': '6/4', 'low_temp': 61, 'high_temp': 91}, {'day': '6/5', 'low_temp': 63, 'high_temp': 94}, {'day': '6/6', 'low_temp': 61, 'high_temp': 90}, {'day': '6/7', 'low_temp': 60, 'high_temp': 88}, {'day': '6/8', 'low_temp': 59, 'high_temp': 86}]"
Canal Grande,Aguascalientes,"[{'day': '5/30', 'low_temp': 60, 'high_temp': 94}, {'day': '5/31', 'low_temp': 62, 'high_temp': 93}, {'day': '6/1', 'low_temp': 62, 'high_temp': 94}, {'day': '6/2', 'low_temp': 60, 'high_temp': 91}, {'day': '6/3', 'low_temp': 61, 'high_temp': 89}, {'day': '6/4', 'low_temp': 61, 'high_temp': 91}, {'day': '6/5', 'low_temp': 63, 'high_temp': 94}, {'day': '6/6', 'low_temp': 61, 'high_temp': 90}, {'day': '6/7', 'low_temp': 60, 'high_temp': 88}, {'day': '6/8', 'low_temp': 59, 'high_temp': 86}]"
Cañada Honda,Aguascalientes,"[{'day': '5/30', 'low_temp': 63, 'high_temp': 94}, {'day': '5/31', 'low_temp': 65, 'high_temp': 94}, {'day': '6/1', 'low_temp': 64, 'high_temp': 94}, {'day': '6/2', 'low_temp': 62, 'high_temp': 93}, {'day': '6/3', 'low_temp': 62, 'high_temp': 91}, {'day': '6/4', 'low_temp': 63, 'high_temp': 92}, {'day': '6/5', 'low_temp': 62, 'high_temp': 94}, {'day': '6/6', 'low_temp': 61, 'high_temp': 91}, {'day': '6/7', 'low_temp': 60, 'high_temp': 89}, {'day': '6/8', 'low_temp': 59, 'high_temp': 87}]"
Cañada Grande de Cotorina,Aguascalientes,"[{'day': '5/30', 'low_temp': 63, 'high_temp': 94}, {'day': '5/31', 'low_temp': 65, 'high_temp': 94}, {'day': '6/1', 'low_temp': 64, 'high_temp': 94}, {'day': '6/2', 'low_temp': 62, 'high_temp': 93}, {'day': '6/3', 'low_temp': 62, 'high_temp': 91}, {'day': '6/4', 'low_temp': 63, 'high_temp': 92}, {'day': '6/5', 'low_temp': 62, 'high_temp': 94}, {'day': '6/6', 'low_temp': 61, 'high_temp': 91}, {'day': '6/7', 'low_temp': 60, 'high_temp': 89}, {'day': '6/8', 'low_temp': 59, 'high_temp': 87}]"
Cañada el Rodeo,Aguascalientes,"[{'day': '5/30', 'low_temp': 58, 'high_temp': 86}, {'day': '5/31', 'low_temp': 61, 'high_temp': 86}, {'day': '6/1', 'low_temp': 59, 'high_temp': 86}, {'day': '6/2', 'low_temp': 58, 'high_temp': 82}, {'day': '6/3', 'low_temp': 58, 'high_temp': 83}, {'day': '6/4', 'low_temp': 59, 'high_temp': 84}, {'day': '6/5', 'low_temp': 60, 'high_temp': 85}, {'day': '6/6', 'low_temp': 57, 'high_temp': 81}, {'day': '6/7', 'low_temp': 56, 'high_temp': 79}, {'day': '6/8', 'low_temp': 55, 'high_temp': 77}]"
Calvillo,Aguascalientes,"[{'day': '5/30', 'low_temp': 62, 'high_temp': 84}, {'day': '5/31', 'low_temp': 63, 'high_temp': 83}, {'day': '6/1', 'low_temp': 62, 'high_temp': 83}, {'day': '6/2', 'low_temp': 58, 'high_temp': 82}, {'day': '6/3', 'low_temp': 60, 'high_temp': 82}, {'day': '6/4', 'low_temp': 61, 'high_temp': 81}, {'day': '6/5', 'low_temp': 62, 'high_temp': 82}, {'day': '6/6', 'low_temp': 60, 'high_temp': 87}, {'day': '6/7', 'low_temp': 59, 'high_temp': 84}, {'day': '6/8', 'low_temp': 58, 'high_temp': 83}]"
California,Aguascalientes,"[{'day': '5/30', 'low_temp': 60, 'high_temp': 94}, {'day': '5/31', 'low_temp': 62, 'high_temp': 93}, {'day': '6/1', 'low_temp': 62, 'high_temp': 94}, {'day': '6/2', 'low_temp': 60, 'high_temp': 91}, {'day': '6/3', 'low_temp': 61, 'high_temp': 89}, {'day': '6/4', 'low_temp': 61, 'high_temp': 91}, {'day': '6/5', 'low_temp': 63, 'high_temp': 94}, {'day': '6/6', 'low_temp': 61, 'high_temp': 90}, {'day': '6/7', 'low_temp': 60, 'high_temp': 88}, {'day': '6/8', 'low_temp': 59, 'high_temp': 86}]"
Arroyo Hondo,Aguascalientes,"[{'day': '5/30', 'low_temp': 60, 'high_temp': 94}, {'day': '5/31', 'low_temp': 62, 'high_temp': 93}, {'day': '6/1', 'low_temp': 62, 'high_temp': 94}, {'day': '6/2', 'low_temp': 60, 'high_temp': 91}, {'day': '6/3', 'low_temp': 61, 'high_temp': 89}, {'day': '6/4', 'low_temp': 61, 'high_temp': 91}, {'day': '6/5', 'low_temp': 63, 'high_temp': 94}, {'day': '6/6', 'low_temp': 61, 'high_temp': 90}, {'day': '6/7', 'low_temp': 60, 'high_temp': 88}, {'day': '6/8', 'low_temp': 59, 'high_temp': 86}]"
Arellano,Aguascalientes,"[{'day': '5/30', 'low_temp': 63, 'high_temp': 94}, {'day': '5/31', 'low_temp': 65, 'high_temp': 94}, {'day': '6/1', 'low_temp': 64, 'high_temp': 94}, {'day': '6/2', 'low_temp': 62, 'high_temp': 93}, {'day': '6/3', 'low_temp': 62, 'high_temp': 91}, {'day': '6/4', 'low_temp': 63, 'high_temp': 92}, {'day': '6/5', 'low_temp': 62, 'high_temp': 94}, {'day': '6/6', 'low_temp': 61, 'high_temp': 91}, {'day': '6/7', 'low_temp': 60, 'high_temp': 89}, {'day': '6/8', 'low_temp': 59, 'high_temp': 87}]"
Ampliación los Hornos,Aguascalientes,"[{'day': '5/30', 'low_temp': 60, 'high_temp': 94}, {'day': '5/31', 'low_temp': 62, 'high_temp': 93}, {'day': '6/1', 'low_temp': 62, 'high_temp': 94}, {'day': '6/2', 'low_temp': 60, 'high_temp': 91}, {'day': '6/3', 'low_temp': 61, 'high_temp': 89}, {'day': '6/4', 'low_temp': 61, 'high_temp': 91}, {'day': '6/5', 'low_temp': 63, 'high_temp': 94}, {'day': '6/6', 'low_temp': 61, 'high_temp': 90}, {'day': '6/7', 'low_temp': 60, 'high_temp': 88}, {'day': '6/8', 'low_temp': 59, 'high_temp': 86}]"
Ampliación de Calvillito,Aguascalientes,"[{'day': '5/30', 'low_temp': 63, 'high_temp': 94}, {'day': '5/31', 'low_temp': 65, 'high_temp': 94}, {'day': '6/1', 'low_temp': 64, 'high_temp': 94}, {'day': '6/2', 'low_temp': 62, 'high_temp': 93}, {'day': '6/3', 'low_temp': 62, 'high_temp': 91}, {'day': '6/4', 'low_temp': 63, 'high_temp': 92}, {'day': '6/5', 'low_temp': 62, 'high_temp': 94}, {'day': '6/6', 'low_temp': 61, 'high_temp': 91}, {'day': '6/7', 'low_temp': 60, 'high_temp': 89}, {'day': '6/8', 'low_temp': 59, 'high_temp': 87}]"
Amarillas de Esparza,Aguascalientes,"[{'day': '5/30', 'low_temp': 61, 'high_temp': 91}, {'day': '5/31', 'low_temp': 63, 'high_temp': 91}, {'day': '6/1', 'low_temp': 61, 'high_temp': 91}, {'day': '6/2', 'low_temp': 59, 'high_temp': 90}, {'day': '6/3', 'low_temp': 58, 'high_temp': 89}, {'day': '6/4', 'low_temp': 60, 'high_temp': 89}, {'day': '6/5', 'low_temp': 59, 'high_temp': 91}, {'day': '6/6', 'low_temp': 58, 'high_temp': 87}, {'day': '6/7', 'low_temp': 58, 'high_temp': 85}, {'day': '6/8', 'low_temp': 57, 'high_temp': 83}]"
Amapolas del Río,Aguascalientes,"[{'day': '5/30', 'low_temp': 60, 'high_temp': 94}, {'day': '5/31', 'low_temp': 62, 'high_temp': 93}, {'day': '6/1', 'low_temp': 62, 'high_temp': 94}, {'day': '6/2', 'low_temp': 60, 'high_temp': 91}, {'day': '6/3', 'low_temp': 61, 'high_temp': 89}, {'day': '6/4', 'low_temp': 61, 'high_temp': 91}, {'day': '6/5', 'low_temp': 63, 'high_temp': 94}, {'day': '6/6', 'low_temp': 61, 'high_temp': 90}, {'day': '6/7', 'low_temp': 60, 'high_temp': 88}, {'day': '6/8', 'low_temp': 59, 'high_temp': 86}]"
Alcázar Residencial,Aguascalientes,"[{'day': '5/30', 'low_temp': 63, 'high_temp': 94}, {'day': '5/31', 'low_temp': 65, 'high_temp': 94}, {'day': '6/1', 'low_temp': 64, 'high_temp': 94}, {'day': '6/2', 'low_temp': 62, 'high_temp': 93}, {'day': '6/3', 'low_temp': 62, 'high_temp': 91}, {'day': '6/4', 'low_temp': 63, 'high_temp': 92}, {'day': '6/5', 'low_temp': 62, 'high_temp': 94}, {'day': '6/6', 'low_temp': 61, 'high_temp': 91}, {'day': '6/7', 'low_temp': 60, 'high_temp': 89}, {'day': '6/8', 'low_temp': 59, 'high_temp': 87}]"
Aguascalientes,Aguascalientes,"[{'day': '5/30', 'low_temp': 63, 'high_temp': 94}, {'day': '5/31', 'low_temp': 65, 'high_temp': 94}, {'day': '6/1', 'low_temp': 64, 'high_temp': 94}, {'day': '6/2', 'low_temp': 62, 'high_temp': 93}, {'day': '6/3', 'low_temp': 62, 'high_temp': 91}, {'day': '6/4', 'low_temp': 63, 'high_temp': 92}, {'day': '6/5', 'low_temp': 62, 'high_temp': 94}, {'day': '6/6', 'low_temp': 61, 'high_temp': 91}, {'day': '6/7', 'low_temp': 60, 'high_temp': 89}, {'day': '6/8', 'low_temp': 59, 'high_temp': 87}]"
Adolfo López Mateos,Aguascalientes,"[{'day': '5/30', 'low_temp': 60, 'high_temp': 94}, {'day': '5/31', 'low_temp': 62, 'high_temp': 93}, {'day': '6/1', 'low_temp': 62, 'high_temp': 94}, {'day': '6/2', 'low_temp': 60, 'high_temp': 91}, {'day': '6/3', 'low_temp': 61, 'high_temp': 89}, {'day': '6/4', 'low_temp': 61, 'high_temp': 91}, {'day': '6/5', 'low_temp': 63, 'high_temp': 94}, {'day': '6/6', 'low_temp': 61, 'high_temp': 90}, {'day': '6/7', 'low_temp': 60, 'high_temp': 88}, {'day': '6/8', 'low_temp': 59, 'high_temp': 86}]"
16 de Septiembre,Aguascalientes,"[{'day': '5/30', 'low_temp': 60, 'high_temp': 94}, {'day': '5/31', 'low_temp': 62, 'high_temp': 93}, {'day': '6/1', 'low_temp': 62, 'high_temp': 94}, {'day': '6/2', 'low_temp': 60, 'high_temp': 91}, {'day': '6/3', 'low_temp': 61, 'high_temp': 89}, {'day': '6/4', 'low_temp': 61, 'high_temp': 91}, {'day': '6/5', 'low_temp': 63, 'high_temp': 94}, {'day': '6/6', 'low_temp': 61, 'high_temp': 90}, {'day': '6/7', 'low_temp': 60, 'high_temp': 88}, {'day': '6/8', 'low_temp': 59, 'high_temp': 86}]"
